from_username;profile_link;account_age;is_buzzer;total_post;followers
Ayudihutankecil;https://twitter.com/Ayudihutankecil;9;1;20100;641
bang_ouz71;https://twitter.com/bang_ouz71;7;1;2292;15
KowuLaode341884;https://twitter.com/KowuLaode341884;2;1;10100;98
Manusia2B;https://twitter.com/Manusia2B;4;1;89700;669
PutraMahes59;https://twitter.com/PutraMahes59;2;0;2586;58
komaria_cocom;https://twitter.com/komaria_cocom;2;1;28900;1187
GarudaGert;https://twitter.com/GarudaGert;2;1;3794;57
RakhmadIrawan9;https://twitter.com/RakhmadIrawan9;2;1;63100;716
MlayuTerus;https://twitter.com/MlayuTerus;1;1;13200;623
lombokpetualang;https://twitter.com/lombokpetualang;10;0;3416;18
PngAdilnR4kyt;https://twitter.com/PngAdilnR4kyt;1;1;34700;3420
JujurRindu;https://twitter.com/JujurRindu;4;1;16100;71
alamanda1804;https://twitter.com/alamanda1804;2;1;7513;23
MukarromahNur78;https://twitter.com/MukarromahNur78;2;1;14800;218
Kemal2sk;https://twitter.com/Kemal2sk;15;0;27800;2116
mirdi77;https://twitter.com/mirdi77;0;3;0;454
Jojobetako2;https://twitter.com/Jojobetako2;1;1;11800;636
HanifAlbanjari;https://twitter.com/HanifAlbanjari;1;1;238;1
umarrusli24504;https://twitter.com/umarrusli24504;0;3;0;36
Ganjar_Mahfud03;https://twitter.com/Ganjar_Mahfud03;1;1;91500;10048
Sulman24642237;https://twitter.com/Sulman24642237;3;0;168;17
bbjkdj4;https://twitter.com/bbjkdj4;8;1;2330;107
HajrinMantu;https://twitter.com/HajrinMantu;10;0;2519;102
basbosh24;https://twitter.com/basbosh24;12;0;2691;152
MichelAdam7__;https://twitter.com/MichelAdam7__;0;3;0;12958
AccIrwanayah;https://twitter.com/AccIrwanayah;2;0;1712;35
kingbotak1509;https://twitter.com/kingbotak1509;1;0;1052;11
Mat16_16;https://twitter.com/Mat16_16;5;1;9689;53
rajaonan;https://twitter.com/rajaonan;0;3;0;50
YusufNusantara5;https://twitter.com/YusufNusantara5;0;3;0;1469
nntweetnn;https://twitter.com/nntweetnn;1;0;55500;128
haliday0147;https://twitter.com/haliday0147;10;0;3300;5112
tgertsjtk;https://twitter.com/tgertsjtk;14;0;6211;7
azharie27;https://twitter.com/azharie27;11;0;2835;156
Aisyanah288082;https://twitter.com/Aisyanah288082;1;1;1219;13
1HandeDelisii;https://twitter.com/1HandeDelisii;9;0;4991;5087
1012darin;https://twitter.com/1012darin;10;1;3261;119
bdb56vr;https://twitter.com/bdb56vr;9;1;665;115
OktoraJk007;https://twitter.com/OktoraJk007;2;0;8482;307
MrETCentre;https://twitter.com/MrETCentre;13;0;50900;9210
wrahardian2;https://twitter.com/wrahardian2;9;1;83900;605
RusdiRu01226366;https://twitter.com/RusdiRu01226366;1;0;16200;1298
inoengbudianto;https://twitter.com/inoengbudianto;1;0;3144;8
AkhirZaman2023;https://twitter.com/AkhirZaman2023;1;1;17700;421
Stevanliu;https://twitter.com/Stevanliu;0;3;0;150
dydyaa2;https://twitter.com/dydyaa2;2;0;18800;1726
RTageh;https://twitter.com/RTageh;4;0;3349;17
BANGSAygSUJUD;https://twitter.com/BANGSAygSUJUD;5;1;111800;28622
demak11008783;https://twitter.com/demak11008783;3;1;4845;1505
MuhammadDjazul1;https://twitter.com/MuhammadDjazul1;9;0;9689;246
tentaralangit99;https://twitter.com/tentaralangit99;3;1;8329;416
AllahDwi67899;https://twitter.com/AllahDwi67899;1;1;1977;27
diansra;https://twitter.com/diansra;14;0;1381;32
KEANU2749717;https://twitter.com/KEANU2749717;1;0;6080;10
wisnuputro07;https://twitter.com/wisnuputro07;2;1;10300;126
al1eeff;https://twitter.com/al1eeff;0;3;0;230
NajaiRocky;https://twitter.com/NajaiRocky;0;3;0;891
JhonDoe60200248;https://twitter.com/JhonDoe60200248;2;0;4598;12
MasboyK;https://twitter.com/MasboyK;10;0;13700;100
DZ6831115856353;https://twitter.com/DZ6831115856353;1;1;3802;22
rajatapura;https://twitter.com/rajatapura;7;1;22000;743
Andi_Rubby;https://twitter.com/Andi_Rubby;2;0;14300;296
PCokro69570;https://twitter.com/PCokro69570;1;1;791;0
RooneySianny;https://twitter.com/RooneySianny;5;0;13900;89
sigitpurwanto4;https://twitter.com/sigitpurwanto4;13;0;5295;248
kukuroku1;https://twitter.com/kukuroku1;2;1;6780;146
taqimm418;https://twitter.com/taqimm418;2;0;547;1
nasaktion2;https://twitter.com/nasaktion2;10;0;17200;142
syukranwm;https://twitter.com/syukranwm;13;1;13600;69
DhenDalbo;https://twitter.com/DhenDalbo;2;1;6674;1105
suyitno09276458;https://twitter.com/suyitno09276458;12;0;4083;45
Ngadimi08002459;https://twitter.com/Ngadimi08002459;3;0;7786;25
irwan73505;https://twitter.com/irwan73505;1;1;7460;14
FatmaFatma0727;https://twitter.com/FatmaFatma0727;1;1;3528;9
ABjodohComeback;https://twitter.com/ABjodohComeback;1;0;14900;1086
Cintaci33333158;https://twitter.com/Cintaci33333158;0;3;0;14
S4N_W1B1;https://twitter.com/S4N_W1B1;6;0;97100;20059
EMusiran;https://twitter.com/EMusiran;2;1;11500;72
DaudJTP;https://twitter.com/DaudJTP;1;0;1378;0
mas_veel;https://twitter.com/mas_veel;1;0;41300;772
Hashas_TM81;https://twitter.com/Hashas_TM81;2;0;8885;345
AchsanKhan;https://twitter.com/AchsanKhan;7;0;10500;465
uniemara;https://twitter.com/uniemara;3;1;17100;302
BiruBir26073179;https://twitter.com/BiruBir26073179;1;0;2810;1238
ketut11937;https://twitter.com/ketut11937;1;0;918;0
aed3c5eb61ba4ea;https://twitter.com/aed3c5eb61ba4ea;0;3;0;18
put776;https://twitter.com/put776;2;1;9385;83
abu_shahib97277;https://twitter.com/abu_shahib97277;0;3;0;59
FurqanIbr64677;https://twitter.com/FurqanIbr64677;1;1;95300;767
MataunTuon;https://twitter.com/MataunTuon;4;0;3181;291
BuanaJannah;https://twitter.com/BuanaJannah;1;1;8602;60
165Hati;https://twitter.com/165Hati;1;0;8463;431
MhdHida70558206;https://twitter.com/MhdHida70558206;5;0;6710;330
abu_waras;https://twitter.com/abu_waras;10;0;88000;260056
sbr1310;https://twitter.com/sbr1310;13;0;9264;55
PutraPe24992947;https://twitter.com/PutraPe24992947;1;0;15100;89
Legislator75;https://twitter.com/Legislator75;2;0;11800;332
Bambang06677637;https://twitter.com/Bambang06677637;0;3;0;466
Yadiesupri1;https://twitter.com/Yadiesupri1;4;0;5555;452
CinereUnun41935;https://twitter.com/CinereUnun41935;1;1;7454;1590
SayaSantai;https://twitter.com/SayaSantai;0;3;0;558
zkinzhal;https://twitter.com/zkinzhal;0;3;0;187
Boediantar4;https://twitter.com/Boediantar4;3;1;89200;33580
antologi40;https://twitter.com/antologi40;0;3;0;134
HMTata3;https://twitter.com/HMTata3;3;0;14200;145
ForRezim;https://twitter.com/ForRezim;2;1;49000;3823
H4T14K4LN4L42;https://twitter.com/H4T14K4LN4L42;5;1;91700;7772
SBahriTweet;https://twitter.com/SBahriTweet;6;1;38300;1817
dewakedelapan;https://twitter.com/dewakedelapan;11;0;461;1040
wonggenden9;https://twitter.com/wonggenden9;2;1;15400;100
Raybanbodrexin;https://twitter.com/Raybanbodrexin;1;1;38400;23
PenjualSate69;https://twitter.com/PenjualSate69;2;1;7508;30
Jurdil625;https://twitter.com/Jurdil625;1;1;71000;489
liaasister;https://twitter.com/liaasister;1;1;107100;5600
Salmanbest41489;https://twitter.com/Salmanbest41489;1;0;29000;269
yulian667192;https://twitter.com/yulian667192;2;0;8487;41
831212Y;https://twitter.com/831212Y;2;0;4549;1119
kri_tik_us;https://twitter.com/kri_tik_us;12;0;14500;1861
BoediTomo19;https://twitter.com/BoediTomo19;5;1;11700;469
Gojeck7;https://twitter.com/Gojeck7;1;0;27600;217
mulyadiabdullah;https://twitter.com/mulyadiabdullah;14;0;12700;159
darmantahu;https://twitter.com/darmantahu;8;0;27200;1310
Mantanmontir22;https://twitter.com/Mantanmontir22;3;0;8775;1214
FathoniMaksum;https://twitter.com/FathoniMaksum;2;0;986;5
Muslim_AntiPKI9;https://twitter.com/Muslim_AntiPKI9;2;1;79200;7075
YoezZar;https://twitter.com/YoezZar;4;0;75100;3696
yos_adiyos;https://twitter.com/yos_adiyos;3;0;5494;50
aksioma02;https://twitter.com/aksioma02;10;1;157100;13668
TrulyTob;https://twitter.com/TrulyTob;2;1;63;23
dancersejati07;https://twitter.com/dancersejati07;2;1;14900;691
BNurvia;https://twitter.com/BNurvia;6;0;17600;899
Andria75777;https://twitter.com/Andria75777;1;0;18900;9437
Kentir_21;https://twitter.com/Kentir_21;3;0;270;21
Leo53682933;https://twitter.com/Leo53682933;2;1;3973;25
mledukjon;https://twitter.com/mledukjon;9;0;2787;26
JokoLipService;https://twitter.com/JokoLipService;10;1;131300;12702
Awak_Melah;https://twitter.com/Awak_Melah;7;0;30500;759
wa_one1;https://twitter.com/wa_one1;15;0;15500;797
mutajir_mohamat;https://twitter.com/mutajir_mohamat;6;1;75600;707
wicakrealme;https://twitter.com/wicakrealme;2;0;2158;49
dawiguna;https://twitter.com/dawiguna;15;0;41000;3115
AlhamidRejal;https://twitter.com/AlhamidRejal;14;0;22600;1665
bandansyah;https://twitter.com/bandansyah;9;0;16700;121
MazzeeB;https://twitter.com/MazzeeB;2;1;113;79
yahyaasyar42633;https://twitter.com/yahyaasyar42633;1;1;6074;66
KimHui_;https://twitter.com/KimHui_;3;1;22900;1254
Fauzan2Khmad;https://twitter.com/Fauzan2Khmad;0;3;0;9
ikhtiarku;https://twitter.com/ikhtiarku;15;0;361;14
wiekap;https://twitter.com/wiekap;9;0;310;10
mr_eKID;https://twitter.com/mr_eKID;15;0;17600;376
ArtaGraha3;https://twitter.com/ArtaGraha3;5;0;1105;40
GibranAnakHaram;https://twitter.com/GibranAnakHaram;3;0;12700;90
Masedi1167;https://twitter.com/Masedi1167;7;0;252;1
Masadepan2023;https://twitter.com/Masadepan2023;0;3;0;91
Mayapada0812;https://twitter.com/Mayapada0812;1;1;29600;4426
Agis_Alamery;https://twitter.com/Agis_Alamery;0;3;0;616
AnwarEffen92952;https://twitter.com/AnwarEffen92952;1;1;124;0
HelmiAdnanz;https://twitter.com/HelmiAdnanz;0;3;0;17
JagaAkalSehat;https://twitter.com/JagaAkalSehat;2;1;5100;111
bukancebong007;https://twitter.com/bukancebong007;2;1;7197;145
Fadly_darma10;https://twitter.com/Fadly_darma10;3;0;430;23
prahara_j;https://twitter.com/prahara_j;3;1;15300;115
ArmiSatria8;https://twitter.com/ArmiSatria8;3;0;19200;933
mariadi63425147;https://twitter.com/mariadi63425147;12;0;56200;257
Mr_Boed2;https://twitter.com/Mr_Boed2;2;1;11000;725
DidingNurislam;https://twitter.com/DidingNurislam;10;1;106500;1665
masdoou;https://twitter.com/masdoou;1;1;6945;5
wahyu_bewe;https://twitter.com/wahyu_bewe;2;0;4787;11
Abidin10La;https://twitter.com/Abidin10La;2;1;1310;14
RakanReagan;https://twitter.com/RakanReagan;1;1;2670;29
BukanSarjana23;https://twitter.com/BukanSarjana23;1;0;951;26
pr_pond;https://twitter.com/pr_pond;10;0;2704;25
boodmynded24;https://twitter.com/boodmynded24;2;1;3128;16
Marco_Alfa20;https://twitter.com/Marco_Alfa20;13;0;22900;1877
Alray901;https://twitter.com/Alray901;1;1;403;4
sincierityoflov;https://twitter.com/sincierityoflov;1;1;3233;21
eldiantyy;https://twitter.com/eldiantyy;5;0;1387;69
jd_dirman;https://twitter.com/jd_dirman;1;1;1305;44
Big_G_Hermosa;https://twitter.com/Big_G_Hermosa;14;0;6701;46
ebbe1802;https://twitter.com/ebbe1802;11;1;63900;397
pondokG65657380;https://twitter.com/pondokG65657380;2;0;6669;159
spider9761;https://twitter.com/spider9761;2;1;12700;28
AaAbengGanteng;https://twitter.com/AaAbengGanteng;2;1;24300;793
BangRus23;https://twitter.com/BangRus23;2;1;8506;361
Ifundvm04;https://twitter.com/Ifundvm04;2;1;21600;963
PronadaP49139;https://twitter.com/PronadaP49139;1;1;6228;58
JenggoBang82778;https://twitter.com/JenggoBang82778;1;0;20700;2277
Asmaragadjyry;https://twitter.com/Asmaragadjyry;2;0;3161;148
samber_ndelap;https://twitter.com/samber_ndelap;6;0;10500;571
tempodotco;https://twitter.com/tempodotco;0;3;0;2249046
draankhaeri89;https://twitter.com/draankhaeri89;0;3;0;34
NazarRizky17;https://twitter.com/NazarRizky17;2;1;5557;239
kenjipratama_;https://twitter.com/kenjipratama_;2;0;918;18
Joxplalong;https://twitter.com/Joxplalong;3;1;37600;8352
KhendyManggala_;https://twitter.com/KhendyManggala_;2;1;11300;395
islamicity_tv;https://twitter.com/islamicity_tv;13;0;1049;154
_bangagoengDuA;https://twitter.com/_bangagoengDuA;5;0;87300;2428
gilang_ahm31272;https://twitter.com/gilang_ahm31272;1;1;34800;4592
sangdatuk01;https://twitter.com/sangdatuk01;1;1;19000;288
Quenmedus4;https://twitter.com/Quenmedus4;1;1;4206;45
BacolTweet43936;https://twitter.com/BacolTweet43936;1;0;625;1
Dewasuri30;https://twitter.com/Dewasuri30;4;1;42800;105
dhemit_is_back;https://twitter.com/dhemit_is_back;14;0;18300;10135
KangMaman204;https://twitter.com/KangMaman204;6;0;26700;207
Nicke9662734599;https://twitter.com/Nicke9662734599;1;0;96400;203
Singojoyo19;https://twitter.com/Singojoyo19;2;0;3377;898
Jackkhan1940;https://twitter.com/Jackkhan1940;1;1;4246;20
HARIMAU_JAYA;https://twitter.com/HARIMAU_JAYA;6;0;16800;5631
dch_ibx;https://twitter.com/dch_ibx;4;0;17900;3378
SingoYudho_;https://twitter.com/SingoYudho_;1;1;7063;8
Spiderguns1;https://twitter.com/Spiderguns1;4;1;2098;9
GhzamK18503;https://twitter.com/GhzamK18503;1;0;867;11
RFauzy5;https://twitter.com/RFauzy5;9;0;106500;5207
ChannelRoh;https://twitter.com/ChannelRoh;3;0;144;0
Ngalalakon;https://twitter.com/Ngalalakon;13;1;63200;970
ballambinlove;https://twitter.com/ballambinlove;14;1;119400;1455
EviDrajat;https://twitter.com/EviDrajat;3;1;50100;2129
Yusuf77108854;https://twitter.com/Yusuf77108854;2;0;522;5
JMalawat04;https://twitter.com/JMalawat04;1;0;4077;46
Ibrahim43736333;https://twitter.com/Ibrahim43736333;3;0;4548;755
JieSukirno;https://twitter.com/JieSukirno;5;9;43;0
krisonedi;https://twitter.com/krisonedi;10;0;1276;37
kimi198021;https://twitter.com/kimi198021;2;0;15300;133
YatiWijaya16;https://twitter.com/YatiWijaya16;2;0;67;15
EkoPutr86520727;https://twitter.com/EkoPutr86520727;1;1;7795;376
publikpisang;https://twitter.com/publikpisang;1;0;5586;65
doncharbone;https://twitter.com/doncharbone;3;0;2925;112
bangcyad;https://twitter.com/bangcyad;12;0;5017;16
Pujiastjktbtg;https://twitter.com/Pujiastjktbtg;2;0;44;5
loopseey;https://twitter.com/loopseey;1;1;20500;140
IbayQLA;https://twitter.com/IbayQLA;11;0;237;8
NinaOsie;https://twitter.com/NinaOsie;2;0;810;55
kikanjunadesta;https://twitter.com/kikanjunadesta;2;0;62;0
EdyPurniawan2;https://twitter.com/EdyPurniawan2;5;0;864;74
desita5769;https://twitter.com/desita5769;0;3;0;6864
SlamyHwa;https://twitter.com/SlamyHwa;12;1;13600;265
alfozindo;https://twitter.com/alfozindo;9;1;7978;41
qadroenphobia;https://twitter.com/qadroenphobia;0;3;0;1966
Rahadi240987455;https://twitter.com/Rahadi240987455;1;0;17900;126
LebahBorneoR;https://twitter.com/LebahBorneoR;0;3;0;386
afeeatomic;https://twitter.com/afeeatomic;2;0;162;2
Aryprasetyo85;https://twitter.com/Aryprasetyo85;0;3;0;76169
mengudarabebas;https://twitter.com/mengudarabebas;1;0;3977;2
calonmiliarderX;https://twitter.com/calonmiliarderX;1;1;8062;8
Junsidi4;https://twitter.com/Junsidi4;1;1;890;9
MApo4522024;https://twitter.com/MApo4522024;1;1;80;0
presidenpethuk;https://twitter.com/presidenpethuk;1;0;746;5
kaharryid;https://twitter.com/kaharryid;14;0;2657;386
RezimBokek;https://twitter.com/RezimBokek;3;1;7530;1155
RSudharmad14290;https://twitter.com/RSudharmad14290;1;1;5455;32
Sima1Syaifuddin;https://twitter.com/Sima1Syaifuddin;1;0;5763;83
Anak_negeri1945;https://twitter.com/Anak_negeri1945;13;1;471;12
DarkJustice07;https://twitter.com/DarkJustice07;0;3;0;124
Ahwaluddin_Nour;https://twitter.com/Ahwaluddin_Nour;6;1;7659;227
esti_upay;https://twitter.com/esti_upay;11;1;47200;1992
ArumAtine;https://twitter.com/ArumAtine;0;3;0;0
ira69643670;https://twitter.com/ira69643670;1;1;3633;17
ronestiff;https://twitter.com/ronestiff;11;1;12300;200
Rakjat_Djelata_;https://twitter.com/Rakjat_Djelata_;1;0;517;11
relistya12;https://twitter.com/relistya12;1;0;641;11
z_bantuly;https://twitter.com/z_bantuly;6;1;2184;14
Slet_am77;https://twitter.com/Slet_am77;6;1;14600;2525
kemiskliwon79;https://twitter.com/kemiskliwon79;1;1;4165;622
LaskarUstadSI;https://twitter.com/LaskarUstadSI;0;3;0;52
zulfans171;https://twitter.com/zulfans171;2;0;3897;82
Dida_Firstwan;https://twitter.com/Dida_Firstwan;9;0;5762;50
PujakusumaAja;https://twitter.com/PujakusumaAja;2;1;2579;33
zizuzee;https://twitter.com/zizuzee;15;0;3876;14
MaliaAsdata;https://twitter.com/MaliaAsdata;0;3;0;133
DChadut2029196;https://twitter.com/DChadut2029196;1;1;4014;90
Triaswa19;https://twitter.com/Triaswa19;0;3;0;8
Ary_LFC;https://twitter.com/Ary_LFC;14;1;88700;1804
AditGustaf;https://twitter.com/AditGustaf;2;0;2058;290
mansurzain8;https://twitter.com/mansurzain8;2;0;3397;129
TheMusefree;https://twitter.com/TheMusefree;14;1;7119;308
habisyid;https://twitter.com/habisyid;2;1;20700;34
Togog83142714;https://twitter.com/Togog83142714;4;0;281;0
STUDSGUY;https://twitter.com/STUDSGUY;5;1;16400;147
nyenyenyenye23;https://twitter.com/nyenyenyenye23;0;3;0;483
zamachsari1;https://twitter.com/zamachsari1;7;1;3788;14
tyuniarto243323;https://twitter.com/tyuniarto243323;1;1;3203;19
xwitter_com;https://twitter.com/xwitter_com;0;3;0;7960
Miguel01022000;https://twitter.com/Miguel01022000;1;0;2931;47
namal246;https://twitter.com/namal246;3;1;7548;9
3Muzaeny88005;https://twitter.com/3Muzaeny88005;1;0;4751;8
DitriRizki_D3;https://twitter.com/DitriRizki_D3;12;1;33000;1363
PutraKe95712085;https://twitter.com/PutraKe95712085;1;1;2059;19
AkasiaUsman;https://twitter.com/AkasiaUsman;1;1;14800;861
robiHeru7719;https://twitter.com/robiHeru7719;0;3;0;40
beckmanalicia16;https://twitter.com/beckmanalicia16;10;1;1143;31
bdjkdkdgnd;https://twitter.com/bdjkdkdgnd;10;1;1457;32
benigiaguar;https://twitter.com/benigiaguar;0;3;0;62
beanerswsp;https://twitter.com/beanerswsp;10;1;1244;29
bbtjkiy;https://twitter.com/bbtjkiy;9;1;1654;58
niakusniadewi;https://twitter.com/niakusniadewi;10;1;3211;97
hagj12;https://twitter.com/hagj12;12;1;3360;2
GwynxAsh;https://twitter.com/GwynxAsh;8;1;3543;1349
bellayankee28;https://twitter.com/bellayankee28;11;1;1753;66
gaybatem;https://twitter.com/gaybatem;2;1;5012;145
FachriFs;https://twitter.com/FachriFs;13;1;3812;4
engbunhwa;https://twitter.com/engbunhwa;0;3;0;34
McmooreSe;https://twitter.com/McmooreSe;2;1;8524;13
Jawalari1935;https://twitter.com/Jawalari1935;9;0;7634;171
LuckyLudjaina;https://twitter.com/LuckyLudjaina;2;0;11100;135
fransisca_ning;https://twitter.com/fransisca_ning;2;1;4188;24
rsudpb3464;https://twitter.com/rsudpb3464;1;1;4058;9
amikamanopo;https://twitter.com/amikamanopo;10;1;2810;33
ga_risma;https://twitter.com/ga_risma;1;1;4056;91
JurnalAspirasi;https://twitter.com/JurnalAspirasi;2;0;2503;13
ArwahMiliter;https://twitter.com/ArwahMiliter;9;0;108600;2260
nuhe_gaming;https://twitter.com/nuhe_gaming;0;3;0;91
marline_un;https://twitter.com/marline_un;5;0;17500;1026
rohta_julian;https://twitter.com/rohta_julian;0;3;0;1841
TheUncleDee;https://twitter.com/TheUncleDee;10;0;23700;899
griselruiz88;https://twitter.com/griselruiz88;11;1;2764;4696
KarundengUsi;https://twitter.com/KarundengUsi;4;0;12400;22
bunianggg;https://twitter.com/bunianggg;1;1;30600;133
ganafmargi;https://twitter.com/ganafmargi;0;3;0;1381
kuyhepilah;https://twitter.com/kuyhepilah;13;0;7188;152
WismantoWahyu;https://twitter.com/WismantoWahyu;11;0;46600;388
ecosocrights;https://twitter.com/ecosocrights;14;0;66000;21590
Alumni212_Power;https://twitter.com/Alumni212_Power;0;3;0;2
tribunmedan;https://twitter.com/tribunmedan;0;3;0;105153
IndiMaryono;https://twitter.com/IndiMaryono;4;1;5301;32
ibrahim00141746;https://twitter.com/ibrahim00141746;1;1;3948;204
djiahutari;https://twitter.com/djiahutari;11;1;5480;60
BeautyToTheSkys;https://twitter.com/BeautyToTheSkys;10;1;1805;78
beesha009;https://twitter.com/beesha009;10;1;862;39
belalnali29;https://twitter.com/belalnali29;7;1;7932;52
RatuSavira4;https://twitter.com/RatuSavira4;10;1;6359;71
pingak_ted47752;https://twitter.com/pingak_ted47752;1;1;13600;113
MoTeeTee;https://twitter.com/MoTeeTee;0;3;0;1690
Opiniku018;https://twitter.com/Opiniku018;2;0;5637;256
gghhjjkk580dr0;https://twitter.com/gghhjjkk580dr0;11;1;5968;1340
AH_SiregarXIX;https://twitter.com/AH_SiregarXIX;0;3;0;5658
faizalnana;https://twitter.com/faizalnana;12;1;5407;4
gvfftj;https://twitter.com/gvfftj;11;1;3769;9212
HendZiddane;https://twitter.com/HendZiddane;1;0;8374;208
aryadhanadipa_1;https://twitter.com/aryadhanadipa_1;2;0;6489;43
a_hansmuaf;https://twitter.com/a_hansmuaf;12;0;8640;346
rajzulaikha;https://twitter.com/rajzulaikha;10;1;1768;22
moh_aak;https://twitter.com/moh_aak;2;1;20900;4691
_G03NT03R_;https://twitter.com/_G03NT03R_;10;1;248200;10013
el4n9bint4n9;https://twitter.com/el4n9bint4n9;14;0;39000;4687
Antitogog1;https://twitter.com/Antitogog1;5;0;26300;1520
D_Zaviyar;https://twitter.com/D_Zaviyar;1;1;3114;320
selaluujian;https://twitter.com/selaluujian;4;0;17200;2408
DM_Sihombing16;https://twitter.com/DM_Sihombing16;7;1;15400;219
hadehate16;https://twitter.com/hadehate16;1;1;8933;138
satrio_aji_;https://twitter.com/satrio_aji_;10;1;57500;2987
feroferraferri;https://twitter.com/feroferraferri;3;1;169500;6117
inisialAaq16976;https://twitter.com/inisialAaq16976;0;3;0;732
Syarman59;https://twitter.com/Syarman59;8;0;61000;38561
Ayang_Lagi6;https://twitter.com/Ayang_Lagi6;10;0;17900;5705
ronavioleta;https://twitter.com/ronavioleta;12;1;254800;76462
didik_bung;https://twitter.com/didik_bung;4;0;44800;1771
Yamin71680430;https://twitter.com/Yamin71680430;4;0;2834;65
YawanMul23956;https://twitter.com/YawanMul23956;1;1;22700;506
diankrtn__;https://twitter.com/diankrtn__;3;1;24100;1874
NcangBeni;https://twitter.com/NcangBeni;5;1;132800;8647
rizal_1966;https://twitter.com/rizal_1966;8;0;50200;45
RudyCahyon37382;https://twitter.com/RudyCahyon37382;1;1;30200;112
ZRsaja;https://twitter.com/ZRsaja;13;1;77100;6771
dy04343703;https://twitter.com/dy04343703;5;1;9207;320
haribanjarnahor;https://twitter.com/haribanjarnahor;15;0;16800;333
TonyParker19679;https://twitter.com/TonyParker19679;1;0;3935;2
SutanSi27405740;https://twitter.com/SutanSi27405740;1;0;28100;14
dehery13;https://twitter.com/dehery13;0;3;0;102
fortisfortuna_9;https://twitter.com/fortisfortuna_9;10;1;16600;2268
Mrs_SSHY;https://twitter.com/Mrs_SSHY;2;0;21100;52
AbaMuluk2708;https://twitter.com/AbaMuluk2708;0;3;0;155
KimMeccadina;https://twitter.com/KimMeccadina;3;0;27800;993
Scorp_1011;https://twitter.com/Scorp_1011;2;1;5892;61
henrysunardi851;https://twitter.com/henrysunardi851;6;0;2653;33
anaqinya;https://twitter.com/anaqinya;14;0;2689;37
ramaniaramdan;https://twitter.com/ramaniaramdan;6;0;2558;24
Bakhjatul;https://twitter.com/Bakhjatul;10;0;9968;37
GardaGun;https://twitter.com/GardaGun;9;0;17000;234
Dinoxxx721;https://twitter.com/Dinoxxx721;1;0;6564;75
ENS53311139;https://twitter.com/ENS53311139;5;0;35100;1973
MbulGemmoy;https://twitter.com/MbulGemmoy;1;1;13500;315
iBon_65;https://twitter.com/iBon_65;6;1;9542;1558
insanisyah1;https://twitter.com/insanisyah1;3;0;13000;1303
Yonowaryon94666;https://twitter.com/Yonowaryon94666;1;1;806;2
Trieszeguet;https://twitter.com/Trieszeguet;12;0;48000;296
anifah_win25894;https://twitter.com/anifah_win25894;1;0;832;0
st_nurdin52033;https://twitter.com/st_nurdin52033;1;1;2900;75
syafniir;https://twitter.com/syafniir;4;1;34300;24778
Megatop99;https://twitter.com/Megatop99;13;1;101800;5864
AjaMaulana68;https://twitter.com/AjaMaulana68;2;0;4254;41
faisal0100978;https://twitter.com/faisal0100978;1;1;1189;7
muhidweet;https://twitter.com/muhidweet;2;1;1332;4
DtKhalid1;https://twitter.com/DtKhalid1;3;0;1843;114
SabaruddinS64;https://twitter.com/SabaruddinS64;1;0;4853;44
davidrnugroho;https://twitter.com/davidrnugroho;8;0;1567;217
gogo74070675957;https://twitter.com/gogo74070675957;1;1;7929;172
EvanHijratus;https://twitter.com/EvanHijratus;10;1;8203;67
wongpinter2019;https://twitter.com/wongpinter2019;6;0;18200;61
comengism;https://twitter.com/comengism;1;1;2950;21
starucaman;https://twitter.com/starucaman;2;0;466;2
WongDes90513142;https://twitter.com/WongDes90513142;4;0;32100;173
StefanAntonio__;https://twitter.com/StefanAntonio__;2;1;98500;22582
Bons631;https://twitter.com/Bons631;3;1;60300;3109
14ggwp1980;https://twitter.com/14ggwp1980;0;3;0;6
DedynurPalakka;https://twitter.com/DedynurPalakka;6;0;20300;1856
PasTIGAma2024;https://twitter.com/PasTIGAma2024;1;1;3993;127
bokulos_;https://twitter.com/bokulos_;7;0;56300;4402
Sessy_dy;https://twitter.com/Sessy_dy;1;0;5893;6
kurowo__fls;https://twitter.com/kurowo__fls;7;0;16500;405
Ja37002Jawawi;https://twitter.com/Ja37002Jawawi;1;1;1950;74
CaprionDeni;https://twitter.com/CaprionDeni;5;0;9260;158
terpanggil313;https://twitter.com/terpanggil313;2;0;9446;32
PetrusRadison;https://twitter.com/PetrusRadison;1;1;2526;3686
gudel175959;https://twitter.com/gudel175959;1;0;2470;17
RudiWah93009623;https://twitter.com/RudiWah93009623;2;1;7051;185
carlanox1;https://twitter.com/carlanox1;6;1;10000;162
triliuner007;https://twitter.com/triliuner007;3;1;30100;280
PutraBachtiar9;https://twitter.com/PutraBachtiar9;2;1;31400;852
NalarNatural;https://twitter.com/NalarNatural;10;1;31400;1164
Gunto_Jaya9;https://twitter.com/Gunto_Jaya9;7;0;8730;100
BLompoa_mks;https://twitter.com/BLompoa_mks;1;1;4258;16
sukardiyahya162;https://twitter.com/sukardiyahya162;2;0;14000;168
stevaniagustia;https://twitter.com/stevaniagustia;1;0;263;0
BMulyono13888;https://twitter.com/BMulyono13888;0;3;0;7
LimDelaopan;https://twitter.com/LimDelaopan;2;0;7495;105
DDewata3656;https://twitter.com/DDewata3656;1;1;3809;342
AbiebSyah087021;https://twitter.com/AbiebSyah087021;1;0;7958;999
r_loet;https://twitter.com/r_loet;1;1;651;180
karana0132275;https://twitter.com/karana0132275;1;1;15900;390
Vito69496691;https://twitter.com/Vito69496691;4;0;4261;25
IdhamKh06609153;https://twitter.com/IdhamKh06609153;2;1;868;6
Faturrohman204;https://twitter.com/Faturrohman204;3;0;400;6
ajiku68;https://twitter.com/ajiku68;9;1;2270;45
nak_Negeri;https://twitter.com/nak_Negeri;3;1;10000;2057
D54013Lenny;https://twitter.com/D54013Lenny;0;3;0;32
biasa_saja100;https://twitter.com/biasa_saja100;1;1;1326;1
Virsi6;https://twitter.com/Virsi6;4;0;33700;138
AkhmadIjoel;https://twitter.com/AkhmadIjoel;3;0;958;14
HayesAnise;https://twitter.com/HayesAnise;3;1;941;3
Johnytruee;https://twitter.com/Johnytruee;2;1;13700;564
Daradatu;https://twitter.com/Daradatu;9;0;1012;22
RickyDiningrat1;https://twitter.com/RickyDiningrat1;5;0;8677;45
BudhySanto84754;https://twitter.com/BudhySanto84754;1;1;5096;453
amelcewaw;https://twitter.com/amelcewaw;1;1;56600;3448
rome0429582;https://twitter.com/rome0429582;1;1;3259;46
BoisDulces22247;https://twitter.com/BoisDulces22247;1;0;8439;135
DSarastami31774;https://twitter.com/DSarastami31774;1;1;5740;21
WawaPurwa47752;https://twitter.com/WawaPurwa47752;1;1;4647;12
zuki2611;https://twitter.com/zuki2611;2;0;2075;19
OktermanLkmn;https://twitter.com/OktermanLkmn;2;0;13700;5260
KuliPocok;https://twitter.com/KuliPocok;1;1;5980;32
kawa_nKita;https://twitter.com/kawa_nKita;9;0;22600;1264
sumpahlusampah;https://twitter.com/sumpahlusampah;1;1;8695;61
Heraloebss;https://twitter.com/Heraloebss;4;0;29300;102676
RonggurSimanju2;https://twitter.com/RonggurSimanju2;1;0;1168;9
jakfar87;https://twitter.com/jakfar87;12;0;6436;97
MzYouhied;https://twitter.com/MzYouhied;2;1;325;6
meriana_anni;https://twitter.com/meriana_anni;7;1;14500;79
4byunus;https://twitter.com/4byunus;10;1;23200;582
djoniecash2;https://twitter.com/djoniecash2;5;0;32100;153
sholxs;https://twitter.com/sholxs;0;3;0;109
Tirtasurya6;https://twitter.com/Tirtasurya6;7;0;4503;4
MuhammadaliGun7;https://twitter.com/MuhammadaliGun7;2;0;223;2
orangngetwiter;https://twitter.com/orangngetwiter;14;1;9181;13
endelz5;https://twitter.com/endelz5;2;0;11100;19
ZaemKribo;https://twitter.com/ZaemKribo;11;0;10200;116
santoz92725;https://twitter.com/santoz92725;1;1;7427;2
aamiin77;https://twitter.com/aamiin77;1;1;8796;198
ahsantany;https://twitter.com/ahsantany;9;0;17100;1412
chifutanzu;https://twitter.com/chifutanzu;0;3;0;235
AbuDzulkarnain;https://twitter.com/AbuDzulkarnain;5;0;90;6
sietachie;https://twitter.com/sietachie;10;1;3279;8
irwan080206;https://twitter.com/irwan080206;2;0;727;129
Andi00583950;https://twitter.com/Andi00583950;0;3;0;1204
T_Nbangsa;https://twitter.com/T_Nbangsa;10;0;4365;121
ArgubiSaki8524;https://twitter.com/ArgubiSaki8524;1;0;560;9
abdullah_yanto;https://twitter.com/abdullah_yanto;5;1;41100;1413
VertinaIndisari;https://twitter.com/VertinaIndisari;5;0;1601;66
SakitPe14248653;https://twitter.com/SakitPe14248653;4;0;1149;5
nusanjaya01;https://twitter.com/nusanjaya01;2;0;8698;193
Jay11532293;https://twitter.com/Jay11532293;4;1;14100;89
RMoceh;https://twitter.com/RMoceh;4;1;37500;689
micgobis;https://twitter.com/micgobis;8;0;11300;110
Zyan1378;https://twitter.com/Zyan1378;2;1;7783;100
RikeAnjas;https://twitter.com/RikeAnjas;11;1;5162;85
Eecchiie;https://twitter.com/Eecchiie;10;1;4818;86
Azhar198524380;https://twitter.com/Azhar198524380;8;0;1654;61
belongstagnoli;https://twitter.com/belongstagnoli;11;1;2772;50
JimmyTumober;https://twitter.com/JimmyTumober;12;1;3860;127
gonzome66;https://twitter.com/gonzome66;10;1;6446;35
CeciliaSuwanda1;https://twitter.com/CeciliaSuwanda1;7;0;81700;9225
StefRudi;https://twitter.com/StefRudi;0;3;0;6687
Dulure_Gibran;https://twitter.com/Dulure_Gibran;9;1;9605;1721
MohAhmad5;https://twitter.com/MohAhmad5;10;0;12300;185
Hermandk298887;https://twitter.com/Hermandk298887;1;1;1586;2
Didit3Ahmadi;https://twitter.com/Didit3Ahmadi;2;1;8931;83
widarto63285827;https://twitter.com/widarto63285827;3;1;51500;1181
Bagindo_Radjo;https://twitter.com/Bagindo_Radjo;2;1;14100;547
mutaqinz139;https://twitter.com/mutaqinz139;1;0;4365;42
In_drael;https://twitter.com/In_drael;5;0;5614;328
bengkeldodo;https://twitter.com/bengkeldodo;12;1;366300;34576
tupris17;https://twitter.com/tupris17;11;0;4184;88
info_edubisnis;https://twitter.com/info_edubisnis;9;0;15600;3738
IrwanIs36647816;https://twitter.com/IrwanIs36647816;2;1;11200;74
nomerorae;https://twitter.com/nomerorae;4;1;10900;145
mediaindonesia;https://twitter.com/mediaindonesia;0;3;0;1769074
Freed0mland5151;https://twitter.com/Freed0mland5151;1;1;5285;4902
Shopeeholiec;https://twitter.com/Shopeeholiec;2;1;2171;1185
AndaruWidy;https://twitter.com/AndaruWidy;1;1;4753;82
abdul_hair;https://twitter.com/abdul_hair;15;1;33500;4504
yaniarsim;https://twitter.com/yaniarsim;7;1;53700;38667
Sutarto17Joko;https://twitter.com/Sutarto17Joko;1;1;493;34
satunusa185593;https://twitter.com/satunusa185593;1;0;19900;175
twprabowo;https://twitter.com/twprabowo;0;3;0;21
BH4RATA_JA;https://twitter.com/BH4RATA_JA;2;1;13800;2246
annasajabbar1;https://twitter.com/annasajabbar1;2;0;438;3
Abdoeljegger202;https://twitter.com/Abdoeljegger202;2;1;42800;1385
orgpinggir;https://twitter.com/orgpinggir;0;3;0;165
Yus_SB_;https://twitter.com/Yus_SB_;6;1;5765;1192
Koepucangkring;https://twitter.com/Koepucangkring;1;1;1668;59
Dedemfahrudin2;https://twitter.com/Dedemfahrudin2;0;3;0;2
azwar6102;https://twitter.com/azwar6102;0;3;0;18
FRHP16;https://twitter.com/FRHP16;12;0;256;4
Riza87207601;https://twitter.com/Riza87207601;6;1;311;1
Tjel0up;https://twitter.com/Tjel0up;7;0;72900;17076
NKRIndonesia79;https://twitter.com/NKRIndonesia79;12;1;184800;4295
asep_suryawan;https://twitter.com/asep_suryawan;12;1;89400;2885
KASIHAN05097785;https://twitter.com/KASIHAN05097785;2;1;8546;269
bungalotus25;https://twitter.com/bungalotus25;2;1;113900;2105
intanalyze;https://twitter.com/intanalyze;0;3;0;1852
cahayafikiran;https://twitter.com/cahayafikiran;8;1;13100;569
AriMariana42851;https://twitter.com/AriMariana42851;1;0;21;0
icikiwir_08;https://twitter.com/icikiwir_08;0;3;0;682
HajralAgus50958;https://twitter.com/HajralAgus50958;1;1;21700;73
oborpolo1;https://twitter.com/oborpolo1;1;1;6403;4
pianjuli;https://twitter.com/pianjuli;14;0;10500;401
gusput_08;https://twitter.com/gusput_08;0;3;0;75
DavidWijaya82;https://twitter.com/DavidWijaya82;5;0;120200;55652
wadah_ri;https://twitter.com/wadah_ri;0;3;0;6
RolieAyhu;https://twitter.com/RolieAyhu;2;0;6327;60
LukPrabowo;https://twitter.com/LukPrabowo;8;0;4888;4
81Sunjaya;https://twitter.com/81Sunjaya;0;3;0;151
m_indra_kurnia;https://twitter.com/m_indra_kurnia;0;3;0;77
Allunk1801;https://twitter.com/Allunk1801;0;3;0;1101
arismaya;https://twitter.com/arismaya;14;0;5329;3913
johnguntoro;https://twitter.com/johnguntoro;15;0;10900;460
marvien09053740;https://twitter.com/marvien09053740;0;3;0;8
p4piKRiS;https://twitter.com/p4piKRiS;14;0;31900;234
t1kt4kzer0;https://twitter.com/t1kt4kzer0;0;3;0;6
Azri_Ardhani;https://twitter.com/Azri_Ardhani;1;1;2732;1547
AbdiKabayan;https://twitter.com/AbdiKabayan;1;1;19000;73
SelawiWong;https://twitter.com/SelawiWong;2;1;9443;143
adamsdenaya;https://twitter.com/adamsdenaya;8;1;13300;96
igolkamteng;https://twitter.com/igolkamteng;1;0;1;6
elingyuks;https://twitter.com/elingyuks;11;0;2719;38
mathsoul1;https://twitter.com/mathsoul1;12;1;99900;1858
heronholle;https://twitter.com/heronholle;2;0;15800;804
Schlossthe6;https://twitter.com/Schlossthe6;1;1;43400;91
Darusma53444709;https://twitter.com/Darusma53444709;2;1;12000;207
MasMadYap;https://twitter.com/MasMadYap;2;0;7955;355
NgebutMautC84;https://twitter.com/NgebutMautC84;0;3;0;330
AKIRAmeNaida_55;https://twitter.com/AKIRAmeNaida_55;1;1;809;0
Mdy_Asmara1701;https://twitter.com/Mdy_Asmara1701;4;0;47200;233350
riza_ajir;https://twitter.com/riza_ajir;15;1;54200;1085
priatamvan888;https://twitter.com/priatamvan888;1;1;9846;13
RaharjoKoerdis1;https://twitter.com/RaharjoKoerdis1;3;1;8429;237
devaannaa;https://twitter.com/devaannaa;2;1;4078;91
damai_ind;https://twitter.com/damai_ind;2;1;8288;62
KayanaDuris;https://twitter.com/KayanaDuris;2;1;28100;2765
RahmatRahm76990;https://twitter.com/RahmatRahm76990;1;1;605;33
agustinusmvac;https://twitter.com/agustinusmvac;2;0;3694;491
Kimberley_PS08;https://twitter.com/Kimberley_PS08;4;1;33000;3001
G0P4NK_G0P4NG_7;https://twitter.com/G0P4NK_G0P4NG_7;0;3;0;985
keG752;https://twitter.com/keG752;0;3;0;1243
Cyko_as_Coky;https://twitter.com/Cyko_as_Coky;12;0;12700;1692
DavidDa17109546;https://twitter.com/DavidDa17109546;3;0;5262;12
adi_sareang;https://twitter.com/adi_sareang;5;0;22900;1906
JuiceQU_Ummi;https://twitter.com/JuiceQU_Ummi;3;1;20600;93
baiki95;https://twitter.com/baiki95;4;1;37300;2532
roymz_13;https://twitter.com/roymz_13;14;0;39800;1493
SonyaTambu55523;https://twitter.com/SonyaTambu55523;1;1;4571;30
HaoTweet;https://twitter.com/HaoTweet;12;0;827;13
reyhanarif;https://twitter.com/reyhanarif;1;0;889;8
Gina53855494;https://twitter.com/Gina53855494;4;1;23700;875
wahyudiade507;https://twitter.com/wahyudiade507;0;3;0;631
FahreziBadrun;https://twitter.com/FahreziBadrun;2;1;56200;249
AlianisBgd;https://twitter.com/AlianisBgd;5;1;11100;1061
hardi_hardiman2;https://twitter.com/hardi_hardiman2;8;1;14400;539
DjajaSampurna;https://twitter.com/DjajaSampurna;10;1;9979;45
GirlBieberJ;https://twitter.com/GirlBieberJ;11;1;2771;8570
jubirdesa;https://twitter.com/jubirdesa;0;3;0;130
mtaufik750;https://twitter.com/mtaufik750;9;1;26100;245
kejora82;https://twitter.com/kejora82;2;1;3655;27
Pemburu0077;https://twitter.com/Pemburu0077;0;3;0;647
UwohMe;https://twitter.com/UwohMe;2;1;14700;459
sultan_ied;https://twitter.com/sultan_ied;11;0;10900;120
alibarrand;https://twitter.com/alibarrand;4;1;12200;1493
zola_papazola2;https://twitter.com/zola_papazola2;2;1;18900;460
JJ_tilu;https://twitter.com/JJ_tilu;13;0;23500;266
jonsa61664335;https://twitter.com/jonsa61664335;5;0;2027;26
deny01184907;https://twitter.com/deny01184907;6;1;8244;37
SomarwaneSefnat;https://twitter.com/SomarwaneSefnat;3;1;78200;5575
Nov_174;https://twitter.com/Nov_174;6;0;42000;1342
bachtiarjay4;https://twitter.com/bachtiarjay4;2;0;3588;22
AnKiiim_;https://twitter.com/AnKiiim_;2;0;16200;4552
murniatauasli;https://twitter.com/murniatauasli;1;0;1371;15
Nazwar30452713;https://twitter.com/Nazwar30452713;4;1;4587;41
KaixaVtuber;https://twitter.com/KaixaVtuber;1;0;2304;83
Raden_Mas_Budi;https://twitter.com/Raden_Mas_Budi;7;0;24600;204
ze5585;https://twitter.com/ze5585;0;3;0;205
oposisiAJEdeh;https://twitter.com/oposisiAJEdeh;3;1;23900;367
Catatan_ali7;https://twitter.com/Catatan_ali7;5;1;342700;25424
Gr4sssss;https://twitter.com/Gr4sssss;0;3;0;1189
Capres_OmonOmon;https://twitter.com/Capres_OmonOmon;1;1;537;27
AangKur54074556;https://twitter.com/AangKur54074556;3;1;25900;211
apo_subhan;https://twitter.com/apo_subhan;2;1;48500;178
yunankingstar1;https://twitter.com/yunankingstar1;6;1;110700;200
Raihann83638626;https://twitter.com/Raihann83638626;5;0;3352;50
Insideme11;https://twitter.com/Insideme11;15;1;29900;425
el_sulfat;https://twitter.com/el_sulfat;14;1;269000;15219
Martogog23;https://twitter.com/Martogog23;1;1;2545;5
petugaspar66841;https://twitter.com/petugaspar66841;1;0;7072;86
supri_hart33161;https://twitter.com/supri_hart33161;1;0;698;2
powerRanger1881;https://twitter.com/powerRanger1881;5;0;2601;43
PJumadi3;https://twitter.com/PJumadi3;2;1;5002;14
fairusmann;https://twitter.com/fairusmann;3;0;4659;33
ZurfamiJ5777;https://twitter.com/ZurfamiJ5777;1;1;5937;72
pms_bf;https://twitter.com/pms_bf;14;0;7864;312
SilverR49571250;https://twitter.com/SilverR49571250;3;0;973;6
TeddGus;https://twitter.com/TeddGus;3;0;4993;31252
Dank89375697;https://twitter.com/Dank89375697;2;1;6288;11
uwjakk77299;https://twitter.com/uwjakk77299;1;0;166;1
susanjun06;https://twitter.com/susanjun06;2;1;3729;85
f0e30695f6c544e;https://twitter.com/f0e30695f6c544e;9;0;10200;70
Ediraja;https://twitter.com/Ediraja;13;1;27100;631
Masmattunyar;https://twitter.com/Masmattunyar;1;0;4145;487
OTryono;https://twitter.com/OTryono;1;1;185;0
gedeant99389649;https://twitter.com/gedeant99389649;4;0;2007;17
Mastur122;https://twitter.com/Mastur122;7;1;5351;2243
delyano201;https://twitter.com/delyano201;0;3;0;501
driveronline_17;https://twitter.com/driveronline_17;0;3;0;318
riefb79;https://twitter.com/riefb79;11;0;9647;34
arifinsyah141;https://twitter.com/arifinsyah141;10;0;723;15
AryoKuncoro47;https://twitter.com/AryoKuncoro47;2;0;6007;443
Langgeng796;https://twitter.com/Langgeng796;3;0;2285;34
Karinbahary2;https://twitter.com/Karinbahary2;6;1;34100;16115
YokL97;https://twitter.com/YokL97;13;0;13000;308
Heizou_Angkasa;https://twitter.com/Heizou_Angkasa;2;0;10500;443
umar_tampan;https://twitter.com/umar_tampan;4;1;13000;73
mayredithhh;https://twitter.com/mayredithhh;1;0;2248;21
mutiara1277;https://twitter.com/mutiara1277;4;0;3861;10
ayubt6531;https://twitter.com/ayubt6531;0;3;0;0
deff_iannn;https://twitter.com/deff_iannn;1;0;953;24
Af120701;https://twitter.com/Af120701;1;1;8274;6
Judakusumah1;https://twitter.com/Judakusumah1;2;0;20500;846
wathon_aminul;https://twitter.com/wathon_aminul;3;0;1997;5
Ning_Rita18;https://twitter.com/Ning_Rita18;1;0;144;12
jalanmerdeka3;https://twitter.com/jalanmerdeka3;2;1;807;28
EndyNugroho8;https://twitter.com/EndyNugroho8;3;0;14800;1134
Harun80609721;https://twitter.com/Harun80609721;4;0;7963;50
waisdong_ah;https://twitter.com/waisdong_ah;14;1;7167;281
IdeBagus_store;https://twitter.com/IdeBagus_store;11;0;3250;1268
ZAMHARIBASYIR1;https://twitter.com/ZAMHARIBASYIR1;3;0;13800;1503
AniesPresid3nku;https://twitter.com/AniesPresid3nku;2;1;4549;903
AbdoelRsd;https://twitter.com/AbdoelRsd;9;1;6600;479
Sw34567689;https://twitter.com/Sw34567689;3;0;1398;9
oktaf112289;https://twitter.com/oktaf112289;8;0;403;4
Hiugundul;https://twitter.com/Hiugundul;1;1;30100;1259
pu3sss;https://twitter.com/pu3sss;4;0;5635;262
rizalafta;https://twitter.com/rizalafta;10;1;14800;932
PanjiKlant77224;https://twitter.com/PanjiKlant77224;1;0;1955;42
AndreSaymore;https://twitter.com/AndreSaymore;4;0;6045;125
kepmenkeuBodong;https://twitter.com/kepmenkeuBodong;1;0;6645;7
sahlansamsul;https://twitter.com/sahlansamsul;1;0;383;1
royson_kacung;https://twitter.com/royson_kacung;2;0;6484;204
imamsyahbudiman;https://twitter.com/imamsyahbudiman;2;1;1144;63
mu133tmr;https://twitter.com/mu133tmr;4;1;43800;907
Droendroen;https://twitter.com/Droendroen;11;0;4397;16
AdjidMuhamad;https://twitter.com/AdjidMuhamad;7;0;1006;4
IdKinoz;https://twitter.com/IdKinoz;0;3;0;1131
Wan_2045;https://twitter.com/Wan_2045;1;0;1745;17
Ex_TKI;https://twitter.com/Ex_TKI;1;1;7396;312
Fatimah81819162;https://twitter.com/Fatimah81819162;2;1;4482;281
GrahaJulio;https://twitter.com/GrahaJulio;4;1;2585;66
exelrockstar;https://twitter.com/exelrockstar;11;1;54000;196
onanajalah;https://twitter.com/onanajalah;5;0;13600;689
DsSupriyady;https://twitter.com/DsSupriyady;10;1;272100;4254
Omm3naja;https://twitter.com/Omm3naja;2;1;10000;959
AldinaFati84360;https://twitter.com/AldinaFati84360;1;1;17200;4
pakdebude4;https://twitter.com/pakdebude4;2;1;64500;131
HermanWSutisna1;https://twitter.com/HermanWSutisna1;2;0;16300;569
mataairku;https://twitter.com/mataairku;14;0;8641;122
MDH__SNA;https://twitter.com/MDH__SNA;2;0;12100;2701
wansrosadi;https://twitter.com/wansrosadi;2;1;5423;378
MocangTian;https://twitter.com/MocangTian;2;0;11500;292
IhsanDaemon1;https://twitter.com/IhsanDaemon1;2;0;5742;134
Mutiara_timur07;https://twitter.com/Mutiara_timur07;5;0;6942;73
aharisth;https://twitter.com/aharisth;13;0;12800;195
CacaHendy;https://twitter.com/CacaHendy;9;0;2066;24
Prankdemocrazy;https://twitter.com/Prankdemocrazy;14;0;1186;526
tukangsetrum_;https://twitter.com/tukangsetrum_;4;0;8938;560
iwalanwar;https://twitter.com/iwalanwar;15;0;6871;95
AchmadKaan;https://twitter.com/AchmadKaan;6;1;5258;23
Kajao_Laliddo;https://twitter.com/Kajao_Laliddo;5;0;12800;477
mickolv_idas;https://twitter.com/mickolv_idas;12;1;24800;926
Novrazka10;https://twitter.com/Novrazka10;1;0;1002;2
cici_1945;https://twitter.com/cici_1945;7;1;33700;512
BWirawwn;https://twitter.com/BWirawwn;5;0;5611;482
AgusBud37192967;https://twitter.com/AgusBud37192967;3;1;23000;229
matjanmi;https://twitter.com/matjanmi;2;0;9535;1266
heriyantoquin;https://twitter.com/heriyantoquin;9;1;7251;1835
WarisanKakung;https://twitter.com/WarisanKakung;2;0;2456;30
AndiDarwis71;https://twitter.com/AndiDarwis71;12;0;2843;4087
AiniDND;https://twitter.com/AiniDND;2;0;3104;1557
ibnurus79522726;https://twitter.com/ibnurus79522726;2;1;17600;172
handajani23;https://twitter.com/handajani23;2;1;9387;7127
RohiminSamuni;https://twitter.com/RohiminSamuni;2;1;11400;975
Anjanifaa;https://twitter.com/Anjanifaa;1;0;7304;59
MTaufiq_NTB;https://twitter.com/MTaufiq_NTB;8;0;5742;1562
ZALFITRA_Nazar;https://twitter.com/ZALFITRA_Nazar;8;1;11600;368
SatuhatiKopi;https://twitter.com/SatuhatiKopi;1;1;36000;485
JackSparroweddd;https://twitter.com/JackSparroweddd;0;3;0;83
Medina_adha;https://twitter.com/Medina_adha;7;1;29000;898
AJegrik74528;https://twitter.com/AJegrik74528;1;0;2083;8
PettaKumpe;https://twitter.com/PettaKumpe;6;1;38700;473
Navy07780280;https://twitter.com/Navy07780280;3;1;3518;11
khoiriak;https://twitter.com/khoiriak;10;0;9993;306
Kiranadeira;https://twitter.com/Kiranadeira;3;0;21200;7756
Sunflower783531;https://twitter.com/Sunflower783531;1;1;195;0
Patient58958550;https://twitter.com/Patient58958550;4;1;5886;179
Embunpa01390476;https://twitter.com/Embunpa01390476;3;1;17500;233
FRONTPERSAUDAR2;https://twitter.com/FRONTPERSAUDAR2;3;1;22800;231
KidsBaby18;https://twitter.com/KidsBaby18;1;1;286;10
wawo_rizal;https://twitter.com/wawo_rizal;2;0;8184;32
benitgiaguaro;https://twitter.com/benitgiaguaro;9;1;7757;66
r_situmora;https://twitter.com/r_situmora;6;0;6989;17
MauritsAlberth;https://twitter.com/MauritsAlberth;1;1;13700;386
AhmadAu98978687;https://twitter.com/AhmadAu98978687;2;0;101;1
HendaRhendy;https://twitter.com/HendaRhendy;13;1;1834;32
rositamahi50458;https://twitter.com/rositamahi50458;1;1;836;4
sintanura60;https://twitter.com/sintanura60;1;1;883;20
ErnandiEndik;https://twitter.com/ErnandiEndik;0;3;0;15
RomyLestari;https://twitter.com/RomyLestari;5;1;12500;42
EdoDodo4;https://twitter.com/EdoDodo4;12;1;26700;617
Ciladinosol;https://twitter.com/Ciladinosol;0;3;0;32
bettahalfmoon09;https://twitter.com/bettahalfmoon09;2;1;10600;78
fs_antinista;https://twitter.com/fs_antinista;13;1;7765;2737
GanendraMahesa;https://twitter.com/GanendraMahesa;3;1;11000;540
Hendraw38434544;https://twitter.com/Hendraw38434544;2;0;1683;1
sawal_j;https://twitter.com/sawal_j;15;1;7529;38
Hendrikorachman;https://twitter.com/Hendrikorachman;5;0;21800;52
patriotiku;https://twitter.com/patriotiku;8;1;6289;17
siregar_elang;https://twitter.com/siregar_elang;5;1;26500;7365
BudiIstiyo89522;https://twitter.com/BudiIstiyo89522;1;1;4949;25
drReUtari08;https://twitter.com/drReUtari08;1;1;7387;742
cinta_damai99d;https://twitter.com/cinta_damai99d;10;1;2586;38
kangforward;https://twitter.com/kangforward;0;3;0;283
OmBot18803320;https://twitter.com/OmBot18803320;5;1;9020;58
agussugiarno1;https://twitter.com/agussugiarno1;10;1;7703;512
abdabbad;https://twitter.com/abdabbad;13;1;2990;111
JAGASATERU2;https://twitter.com/JAGASATERU2;1;1;18200;420
AkhirZainul;https://twitter.com/AkhirZainul;2;0;4773;20
DIWARMAN2;https://twitter.com/DIWARMAN2;4;0;1218;223
MukhitsP;https://twitter.com/MukhitsP;2;1;8024;35
perangutan23;https://twitter.com/perangutan23;6;1;185500;2654
bagusrangin77;https://twitter.com/bagusrangin77;3;1;9226;241
Sunali_Bonali;https://twitter.com/Sunali_Bonali;0;3;0;2
Masaruddin12;https://twitter.com/Masaruddin12;3;1;4609;544
shang1670;https://twitter.com/shang1670;1;1;2984;5
lin_conil;https://twitter.com/lin_conil;7;1;54400;4398
tegsun780;https://twitter.com/tegsun780;1;0;5642;19
benkuswardhana;https://twitter.com/benkuswardhana;9;1;21300;299
Dian98260592;https://twitter.com/Dian98260592;5;1;224;7
HusainMechmari6;https://twitter.com/HusainMechmari6;1;1;4286;479
Aja8Rachman;https://twitter.com/Aja8Rachman;1;1;11800;89
petaroenk451;https://twitter.com/petaroenk451;2;1;5152;13
sonysello;https://twitter.com/sonysello;15;1;745;107
RadenSetyaki2;https://twitter.com/RadenSetyaki2;4;1;19200;293
AmeeyMiLati1;https://twitter.com/AmeeyMiLati1;0;3;0;2
dwi_cahyonod;https://twitter.com/dwi_cahyonod;1;1;4650;6
jeetoo11;https://twitter.com/jeetoo11;6;1;905;13
Zaindamai;https://twitter.com/Zaindamai;10;1;35400;2882
MYusuf2402;https://twitter.com/MYusuf2402;0;3;0;26
ay4ni;https://twitter.com/ay4ni;14;0;17400;785
TK_crowned69;https://twitter.com/TK_crowned69;4;0;3739;17
MadePuja16;https://twitter.com/MadePuja16;5;1;9321;38
TopBekam;https://twitter.com/TopBekam;1;1;803;2
Tegal_Suci;https://twitter.com/Tegal_Suci;5;0;9680;91
awiyanto65;https://twitter.com/awiyanto65;2;1;16600;740
wahyu_djanti88;https://twitter.com/wahyu_djanti88;7;1;66800;2461
budiwidagdo2;https://twitter.com/budiwidagdo2;6;1;66700;2000
IndraAngkola2;https://twitter.com/IndraAngkola2;2;1;12900;4445
ArekNdeso79;https://twitter.com/ArekNdeso79;10;0;8588;129
masibnoe79;https://twitter.com/masibnoe79;10;0;27700;441
Subhan_oke02;https://twitter.com/Subhan_oke02;0;3;0;194
RiyalP41913;https://twitter.com/RiyalP41913;1;1;700;0
zeracnovic;https://twitter.com/zeracnovic;14;1;7359;54
lampu_patromaks;https://twitter.com/lampu_patromaks;1;1;12500;29
SoundOfGaza1;https://twitter.com/SoundOfGaza1;1;0;706;6
elyfit1531;https://twitter.com/elyfit1531;12;1;2893;55
SatyaPutra53806;https://twitter.com/SatyaPutra53806;1;1;16800;24
nawatyas_;https://twitter.com/nawatyas_;1;1;7036;36
A1ki4_ku5_21;https://twitter.com/A1ki4_ku5_21;4;1;49300;6647
jabangtetuko007;https://twitter.com/jabangtetuko007;1;1;9478;1182
xquitavee;https://twitter.com/xquitavee;2;1;20600;13128
andyuli2010;https://twitter.com/andyuli2010;13;1;10000;13
RSipirock;https://twitter.com/RSipirock;3;1;17300;925
EdiKeceput2;https://twitter.com/EdiKeceput2;2;1;35400;1491
ajengcute16__;https://twitter.com/ajengcute16__;4;1;64500;9093
posaktualcom;https://twitter.com/posaktualcom;1;1;58500;328
Gandawan;https://twitter.com/Gandawan;14;1;53600;3924
sejahterahman;https://twitter.com/sejahterahman;10;1;32200;292
azila_vrdn;https://twitter.com/azila_vrdn;2;1;204;2
riyomuse;https://twitter.com/riyomuse;1;0;1889;60
yayuksuseno888;https://twitter.com/yayuksuseno888;1;1;7781;7
eradotid;https://twitter.com/eradotid;0;3;0;59380
JoshuekImmanuel;https://twitter.com/JoshuekImmanuel;0;3;0;49
EddiKusmana1;https://twitter.com/EddiKusmana1;3;1;17100;2367
bedasablon;https://twitter.com/bedasablon;1;1;7784;46
Langgen27393109;https://twitter.com/Langgen27393109;3;1;16300;111
CutSarina5;https://twitter.com/CutSarina5;4;1;88400;46541
MysticalsThe;https://twitter.com/MysticalsThe;4;0;483;0
HMMurah3;https://twitter.com/HMMurah3;3;1;38300;11160
Simanjunta9Nico;https://twitter.com/Simanjunta9Nico;3;1;32300;1312
jari_droid;https://twitter.com/jari_droid;2;1;33200;2807
Jangkrikgengg15;https://twitter.com/Jangkrikgengg15;3;1;57400;3113
penjagadapur;https://twitter.com/penjagadapur;9;1;36000;202
Idris1860864;https://twitter.com/Idris1860864;1;1;283;4
AhmadLutfhii;https://twitter.com/AhmadLutfhii;8;0;2434;90
erz_riz;https://twitter.com/erz_riz;15;1;18600;352
Denish234;https://twitter.com/Denish234;5;1;62600;740
HelmiYahya1611;https://twitter.com/HelmiYahya1611;2;0;2942;475
DakotaGeorgy;https://twitter.com/DakotaGeorgy;1;1;38600;421
caniazhar590;https://twitter.com/caniazhar590;2;0;6101;6
HendrawanSukis;https://twitter.com/HendrawanSukis;3;0;1321;6
AliAnwat34043;https://twitter.com/AliAnwat34043;1;1;539;10
EL_Mascotte;https://twitter.com/EL_Mascotte;1;1;856;435
sirajapadoha;https://twitter.com/sirajapadoha;9;1;82000;3138
OposisiCerdas;https://twitter.com/OposisiCerdas;7;1;148900;265185
merdekadotcom;https://twitter.com/merdekadotcom;0;3;0;493396
AssegafAlbar;https://twitter.com/AssegafAlbar;1;1;1571;371
DoankWarto;https://twitter.com/DoankWarto;7;1;31900;12511
andyhumaidy;https://twitter.com/andyhumaidy;10;0;2248;1892
detikcom;https://twitter.com/detikcom;0;3;0;21758159
elisuherli61;https://twitter.com/elisuherli61;13;0;213;26
razakthaib19;https://twitter.com/razakthaib19;12;0;4293;30
kafirliberal;https://twitter.com/kafirliberal;14;1;50300;5523
gtobing2903;https://twitter.com/gtobing2903;0;3;0;3903
cahy4nto;https://twitter.com/cahy4nto;14;1;57000;949
trikartikatika1;https://twitter.com/trikartikatika1;7;1;11500;435
xcrash94;https://twitter.com/xcrash94;2;1;352;1
Bara_Rc;https://twitter.com/Bara_Rc;1;1;33800;4620
adri_7i;https://twitter.com/adri_7i;8;1;62600;2161
KamarullahH;https://twitter.com/KamarullahH;10;0;4260;50
Elnino23706025;https://twitter.com/Elnino23706025;2;1;114400;2085
ZulkifliLubis69;https://twitter.com/ZulkifliLubis69;4;1;10500;30300
BeritakanID_com;https://twitter.com/BeritakanID_com;0;3;0;1865
abiebakier9628;https://twitter.com/abiebakier9628;1;1;668;94
DesiRahayuPutr1;https://twitter.com/DesiRahayuPutr1;3;1;8375;47
cagubnyinyir2;https://twitter.com/cagubnyinyir2;6;1;99300;10347
rayhan_yuda_pra;https://twitter.com/rayhan_yuda_pra;11;1;129000;525
endanghidayat;https://twitter.com/endanghidayat;15;1;136300;1235
AwaYaAwa20670;https://twitter.com/AwaYaAwa20670;9;0;1344;18
MohammadKhafid3;https://twitter.com/MohammadKhafid3;1;1;8176;2629
Na_T1N4;https://twitter.com/Na_T1N4;14;1;55100;777
mend_eman71;https://twitter.com/mend_eman71;1;1;1458;22
kompascom;https://twitter.com/kompascom;0;3;0;8619515
Dimasjoko12;https://twitter.com/Dimasjoko12;7;1;29600;504
alfatih212426;https://twitter.com/alfatih212426;1;1;57800;4878
Opiniku95098012;https://twitter.com/Opiniku95098012;1;1;28300;3845
SmokesOnMyHead;https://twitter.com/SmokesOnMyHead;5;1;26000;3140
SagalaS25737;https://twitter.com/SagalaS25737;1;1;38600;1285
Srik4ndiMuslim2;https://twitter.com/Srik4ndiMuslim2;1;1;13100;3958
herculep638;https://twitter.com/herculep638;1;1;8850;7886
Mussa2103;https://twitter.com/Mussa2103;0;3;0;143
democrazymedia;https://twitter.com/democrazymedia;4;1;73700;101102
TubasMediaCom;https://twitter.com/TubasMediaCom;0;3;0;7901
RinaShaqueena;https://twitter.com/RinaShaqueena;2;1;8344;1621
RepelitaO;https://twitter.com/RepelitaO;0;3;0;301
PropertyTaja;https://twitter.com/PropertyTaja;2;0;1856;331
sis_bandi;https://twitter.com/sis_bandi;2;1;5859;70
__SudutPandang;https://twitter.com/__SudutPandang;1;1;59500;1311
OmarSan26260097;https://twitter.com/OmarSan26260097;1;0;601;3
sanrosojati;https://twitter.com/sanrosojati;4;0;1121;24
KangSarjono1;https://twitter.com/KangSarjono1;11;1;11500;831
suaranasional;https://twitter.com/suaranasional;10;1;25000;1278
geloraco;https://twitter.com/geloraco;0;3;0;582259
Riau24Com;https://twitter.com/Riau24Com;0;3;0;2843
ANDALASHUSNI;https://twitter.com/ANDALASHUSNI;13;1;56100;1315
FrankyTts;https://twitter.com/FrankyTts;14;0;22700;82
anonimman137997;https://twitter.com/anonimman137997;1;1;15400;19
KarinaNadila18;https://twitter.com/KarinaNadila18;2;0;2562;120
KepaArgawinata7;https://twitter.com/KepaArgawinata7;0;3;0;1838
UmmiYusniar;https://twitter.com/UmmiYusniar;1;1;21000;43
anton8150;https://twitter.com/anton8150;1;0;10;0
Haluituindah_;https://twitter.com/Haluituindah_;3;0;57;6
HusinBaila70476;https://twitter.com/HusinBaila70476;1;0;1074;0
officialinews_;https://twitter.com/officialinews_;0;3;0;431008
Ponorogo_Berkah;https://twitter.com/Ponorogo_Berkah;6;1;21100;133
AsharIbnu;https://twitter.com/AsharIbnu;2;1;2910;10
DydikD;https://twitter.com/DydikD;5;1;7082;3257
JuwitaMalam13;https://twitter.com/JuwitaMalam13;10;1;50800;5267
AgricolaFilius;https://twitter.com/AgricolaFilius;2;1;2301;32
patatdum;https://twitter.com/patatdum;1;0;1765;3
Agusputra_Endja;https://twitter.com/Agusputra_Endja;6;0;1761;13
MIrvanDarwin1;https://twitter.com/MIrvanDarwin1;6;1;99000;7348
pakguruhonorer;https://twitter.com/pakguruhonorer;6;1;17400;4780
AsrafRazak32338;https://twitter.com/AsrafRazak32338;1;1;950;50
sandyalfia96694;https://twitter.com/sandyalfia96694;1;1;5095;1915
itsmeqky1;https://twitter.com/itsmeqky1;1;1;1942;29
KompasTV;https://twitter.com/KompasTV;0;3;0;5306116
PurwantoPe79982;https://twitter.com/PurwantoPe79982;1;1;675;0
M4T4_ANG1N;https://twitter.com/M4T4_ANG1N;1;0;2009;15
ganteng_jo71723;https://twitter.com/ganteng_jo71723;1;0;1560;23
DJ_Luvly;https://twitter.com/DJ_Luvly;13;1;22200;972
ViralHot5;https://twitter.com/ViralHot5;0;3;0;81
araaa2236;https://twitter.com/araaa2236;1;1;512;2
0kobasuguru;https://twitter.com/0kobasuguru;10;1;1499;30
AnakLolina2;https://twitter.com/AnakLolina2;4;1;201300;16586
deenarnew;https://twitter.com/deenarnew;1;1;3683;23
rahmaniarbaftim;https://twitter.com/rahmaniarbaftim;12;1;74400;18441
mamagemoybiasa;https://twitter.com/mamagemoybiasa;3;1;39600;2180
unisafin2002;https://twitter.com/unisafin2002;0;3;0;19
musniumar_;https://twitter.com/musniumar_;1;0;1522;152
ari3ssimbolon;https://twitter.com/ari3ssimbolon;2;0;915;24
are_inismyname;https://twitter.com/are_inismyname;5;0;77400;3553
ASTYBANJAR1536;https://twitter.com/ASTYBANJAR1536;1;1;3687;51
BuchroniK;https://twitter.com/BuchroniK;4;1;29900;812
ahadnet392613;https://twitter.com/ahadnet392613;1;1;3902;14
NinzExe07;https://twitter.com/NinzExe07;0;3;0;7727
voiceofpkb;https://twitter.com/voiceofpkb;0;3;0;487141
Mi73Hel;https://twitter.com/Mi73Hel;9;1;92000;1059
SuwandaBen;https://twitter.com/SuwandaBen;10;1;20100;5595
Budiady5;https://twitter.com/Budiady5;0;3;0;1556
ImaginarySteady;https://twitter.com/ImaginarySteady;10;1;62100;1216
Iyo63579667;https://twitter.com/Iyo63579667;6;1;41300;152
iwan_ikur;https://twitter.com/iwan_ikur;1;1;3975;47
aro_6ansi;https://twitter.com/aro_6ansi;1;1;12500;665
Kenny57986104;https://twitter.com/Kenny57986104;2;1;2746;95
medcom_id;https://twitter.com/medcom_id;0;3;0;45074
MadechanS;https://twitter.com/MadechanS;0;3;0;40
ucuule;https://twitter.com/ucuule;2;1;2092;6
SPriyantomo;https://twitter.com/SPriyantomo;10;1;678;2
_sang_saka_;https://twitter.com/_sang_saka_;3;0;509;13
Thoyib83928012;https://twitter.com/Thoyib83928012;5;1;47700;144
TheEagle_BEN;https://twitter.com/TheEagle_BEN;4;1;49400;10980
noernailaa;https://twitter.com/noernailaa;1;1;1256;75
PuangRahmang;https://twitter.com/PuangRahmang;1;1;17800;783
PerintisMuda23;https://twitter.com/PerintisMuda23;6;1;994;4
PDemokrat;https://twitter.com/PDemokrat;0;3;0;242266
Tyan805;https://twitter.com/Tyan805;3;1;23500;160
IrawanRommi;https://twitter.com/IrawanRommi;3;1;27900;3992
abhie_000;https://twitter.com/abhie_000;2;1;7684;1543
bani_borneo;https://twitter.com/bani_borneo;4;1;2643;399
Andesaku1;https://twitter.com/Andesaku1;2;1;5295;67
muhtar_fuat;https://twitter.com/muhtar_fuat;7;1;4088;201
Dekakapal1982;https://twitter.com/Dekakapal1982;2;1;9172;281
FaGtng;https://twitter.com/FaGtng;6;1;343800;33688
EllyKoro;https://twitter.com/EllyKoro;4;1;138300;27644
JinNonik;https://twitter.com/JinNonik;8;1;139300;4339
MPR_SBY;https://twitter.com/MPR_SBY;0;3;0;759
mumungwisnu_1;https://twitter.com/mumungwisnu_1;10;1;47900;2387
yassa6969;https://twitter.com/yassa6969;6;1;9415;1460
cmxckenzie;https://twitter.com/cmxckenzie;2;0;3569;18
takoyachii;https://twitter.com/takoyachii;0;3;0;10
changkaligus;https://twitter.com/changkaligus;9;0;1569;24
saerozi63;https://twitter.com/saerozi63;1;1;6266;27
Noenono09;https://twitter.com/Noenono09;2;1;1369;4
golic_1210;https://twitter.com/golic_1210;0;3;0;151
Asdin28812169;https://twitter.com/Asdin28812169;5;1;5935;22
edwardus4;https://twitter.com/edwardus4;11;1;6277;103
attallahsyah;https://twitter.com/attallahsyah;4;1;28800;646
fransis74201222;https://twitter.com/fransis74201222;2;1;44100;223
kumparan;https://twitter.com/kumparan;0;3;0;1076543
mowglyzz;https://twitter.com/mowglyzz;2;0;1167;130
Dhonni_88;https://twitter.com/Dhonni_88;4;1;8081;928
monitordaycom;https://twitter.com/monitordaycom;0;3;0;1283
secr3thm4nz56;https://twitter.com/secr3thm4nz56;3;1;44500;1519
DimasOmea;https://twitter.com/DimasOmea;12;1;691;12
Sabrinaa_ina;https://twitter.com/Sabrinaa_ina;1;1;1193;11
keuangannews_id;https://twitter.com/keuangannews_id;0;3;0;104097
genx36545403;https://twitter.com/genx36545403;0;3;0;877
Alfakton_i;https://twitter.com/Alfakton_i;0;3;0;1284
ADarmantyo;https://twitter.com/ADarmantyo;2;0;2076;40
MusicBizVegas;https://twitter.com/MusicBizVegas;10;1;4351;379
uusbustami;https://twitter.com/uusbustami;15;1;49600;3087
wibisonoys;https://twitter.com/wibisonoys;2;1;9925;193
balp_93;https://twitter.com/balp_93;10;1;7055;60
gea_asa;https://twitter.com/gea_asa;14;1;6234;525
CahKeren212;https://twitter.com/CahKeren212;8;1;10900;50
liputan6dotcom;https://twitter.com/liputan6dotcom;0;3;0;4633551
Rahadi0816;https://twitter.com/Rahadi0816;1;1;33600;661
inilahdotcom;https://twitter.com/inilahdotcom;0;3;0;366655
ratpurba;https://twitter.com/ratpurba;9;1;15200;96
abwnewsco;https://twitter.com/abwnewsco;5;1;5299;52939
immakhab;https://twitter.com/immakhab;1;1;23300;7
lopefutin;https://twitter.com/lopefutin;2;0;6683;64
suryasena53;https://twitter.com/suryasena53;4;1;45800;261
ArdoyantoE;https://twitter.com/ArdoyantoE;3;1;17600;506
irhamnapermana;https://twitter.com/irhamnapermana;14;1;15100;105
SINDOnews;https://twitter.com/SINDOnews;0;3;0;409696
gani_hisya93782;https://twitter.com/gani_hisya93782;0;3;0;10
fajaronline;https://twitter.com/fajaronline;0;3;0;65420
wongmlaku;https://twitter.com/wongmlaku;15;1;137800;8852
siengkong27;https://twitter.com/siengkong27;8;1;35500;1170
lukatalugue;https://twitter.com/lukatalugue;1;1;8778;5
E9faSZJEm4Np0Qm;https://twitter.com/E9faSZJEm4Np0Qm;2;0;1383;16
Sontol32403042;https://twitter.com/Sontol32403042;0;3;0;142
OligarkiBangs4t;https://twitter.com/OligarkiBangs4t;2;1;7957;131
DjogdjaKembali;https://twitter.com/DjogdjaKembali;10;1;21900;1648
ramenpadang;https://twitter.com/ramenpadang;0;3;0;1
rizkypuetraaa;https://twitter.com/rizkypuetraaa;7;0;7436;84
Mr_50LA;https://twitter.com/Mr_50LA;0;3;0;4
zlebor02;https://twitter.com/zlebor02;5;0;5040;3547
geol_anda02;https://twitter.com/geol_anda02;0;3;0;1273
Miduk17;https://twitter.com/Miduk17;0;3;0;64720
tribunkaltim;https://twitter.com/tribunkaltim;0;3;0;32682
boboooololoo;https://twitter.com/boboooololoo;1;0;535;64
Anasismail_Real;https://twitter.com/Anasismail_Real;0;3;0;656
nurinap95;https://twitter.com/nurinap95;1;1;4092;23
MarahIchsan;https://twitter.com/MarahIchsan;8;1;156300;18361
TismanDarn19573;https://twitter.com/TismanDarn19573;1;1;2974;34
Th3Forge;https://twitter.com/Th3Forge;0;3;0;72
PancaNada;https://twitter.com/PancaNada;1;1;5614;9
3rwin__34;https://twitter.com/3rwin__34;3;1;10300;3613
combro0779;https://twitter.com/combro0779;6;1;5388;8
AryaPanam;https://twitter.com/AryaPanam;3;0;14100;36
imamfadhiln;https://twitter.com/imamfadhiln;6;0;8886;153
yuliahariyanti;https://twitter.com/yuliahariyanti;13;1;3323;29
Setiabumi1;https://twitter.com/Setiabumi1;0;3;0;144
purwantoraharjo;https://twitter.com/purwantoraharjo;13;1;12700;3157
matahari_ungu;https://twitter.com/matahari_ungu;13;1;4429;54
apr_doang;https://twitter.com/apr_doang;14;1;122000;341
fendyindana1;https://twitter.com/fendyindana1;8;1;2139;573
TJnodi;https://twitter.com/TJnodi;1;0;12;0
beib_de;https://twitter.com/beib_de;5;1;12600;1287
mangunsong63;https://twitter.com/mangunsong63;4;1;20000;2183
RyanPatopang08;https://twitter.com/RyanPatopang08;2;0;366;2
Puriadm47818;https://twitter.com/Puriadm47818;0;3;0;25
PocoRedmip3397;https://twitter.com/PocoRedmip3397;1;1;3930;68
VIVAcoid;https://twitter.com/VIVAcoid;0;3;0;4764006
daengbang06;https://twitter.com/daengbang06;2;1;19700;1805
TERClPTA;https://twitter.com/TERClPTA;5;1;183800;233
WargaBangsa;https://twitter.com/WargaBangsa;11;0;1741;313
GrahaWalan6302;https://twitter.com/GrahaWalan6302;1;1;3119;17
aan_muba;https://twitter.com/aan_muba;4;1;200200;15507
allpribadi;https://twitter.com/allpribadi;10;1;7802;602
Bisniscom;https://twitter.com/Bisniscom;0;3;0;1143804
Jatayu_45back;https://twitter.com/Jatayu_45back;0;3;0;3911
AndiammuliaPd;https://twitter.com/AndiammuliaPd;2;1;13400;72
jobajitol;https://twitter.com/jobajitol;1;1;6516;52
opposite_sejati;https://twitter.com/opposite_sejati;1;1;16900;2689
javascript2331;https://twitter.com/javascript2331;6;1;28500;465
raktjat_wakanda;https://twitter.com/raktjat_wakanda;1;1;274;2
JatmikoRifiawan;https://twitter.com/JatmikoRifiawan;1;1;1951;647
Ninaang06470572;https://twitter.com/Ninaang06470572;1;1;82600;105
RTobazz;https://twitter.com/RTobazz;4;1;19600;2051
KAMID82650678;https://twitter.com/KAMID82650678;1;1;10800;428
ombaklaut99;https://twitter.com/ombaklaut99;1;1;911;35
heralddotID;https://twitter.com/heralddotID;0;3;0;98
seledingtekell;https://twitter.com/seledingtekell;1;1;25200;7
Harumiii_kn;https://twitter.com/Harumiii_kn;1;1;58800;474
RomitsuT;https://twitter.com/RomitsuT;6;1;59300;37221
nobipang;https://twitter.com/nobipang;2;1;7360;1389
Effin40390587;https://twitter.com/Effin40390587;5;1;9245;35
inang_hasiholan;https://twitter.com/inang_hasiholan;8;1;58500;77
Rizwariryb;https://twitter.com/Rizwariryb;10;1;60900;85
KoimSyamsu67225;https://twitter.com/KoimSyamsu67225;1;1;1047;7
GatanErakal;https://twitter.com/GatanErakal;5;1;340;63
nasrul20360761;https://twitter.com/nasrul20360761;1;0;587;9
dekade_08;https://twitter.com/dekade_08;2;1;8134;3641
bisnisbandung63;https://twitter.com/bisnisbandung63;1;1;9725;11
MRefelin;https://twitter.com/MRefelin;2;1;3109;11
mamaklara1;https://twitter.com/mamaklara1;0;3;0;110
Alex31829681;https://twitter.com/Alex31829681;5;0;11100;122
TirtoID;https://twitter.com/TirtoID;0;3;0;779179
ok123tiar;https://twitter.com/ok123tiar;8;0;1332;156
Diboyoooo;https://twitter.com/Diboyoooo;5;0;2387;30
surabayapagi_id;https://twitter.com/surabayapagi_id;0;3;0;35
rajatanya219446;https://twitter.com/rajatanya219446;1;1;3689;5
Granny_2277;https://twitter.com/Granny_2277;1;1;68000;68
SotoAyam1970;https://twitter.com/SotoAyam1970;2;0;10100;63
suirichape;https://twitter.com/suirichape;3;1;401;21
Wow_Uno;https://twitter.com/Wow_Uno;4;0;841;7
Bambang_Budimab;https://twitter.com/Bambang_Budimab;14;1;269900;1590
Metro_TV;https://twitter.com/Metro_TV;0;3;0;11071535
CintaAqxsl;https://twitter.com/CintaAqxsl;0;3;0;15
smartizen_;https://twitter.com/smartizen_;0;3;0;1283
TurnBackHoax;https://twitter.com/TurnBackHoax;0;3;0;51967
ibnupurna;https://twitter.com/ibnupurna;14;1;90600;6109
tinusflip;https://twitter.com/tinusflip;8;0;3210;275
Pohan22250416;https://twitter.com/Pohan22250416;4;1;12600;37
NasionalisSiber;https://twitter.com/NasionalisSiber;4;1;5666;4923
frenkyf1;https://twitter.com/frenkyf1;4;1;18100;1141
IFahery;https://twitter.com/IFahery;3;1;1246;31
ayanauga;https://twitter.com/ayanauga;12;1;2731;202
EEnesje23201;https://twitter.com/EEnesje23201;1;1;12500;17
mharisman;https://twitter.com/mharisman;14;0;15400;6048
Jumianto_RK;https://twitter.com/Jumianto_RK;7;1;143100;9026
radaraktual;https://twitter.com/radaraktual;0;3;0;2348
AcoyBk;https://twitter.com/AcoyBk;3;1;93400;77
Zaenal58788427;https://twitter.com/Zaenal58788427;2;1;19800;1014
KompasData;https://twitter.com/KompasData;0;3;0;11229
bharatasoim;https://twitter.com/bharatasoim;11;1;200;82
suaradotcom;https://twitter.com/suaradotcom;0;3;0;33320
kba_news;https://twitter.com/kba_news;0;3;0;9657
BustoniFikri4;https://twitter.com/BustoniFikri4;5;1;4106;66
SETYAKI22965702;https://twitter.com/SETYAKI22965702;4;1;108900;21413
Venus19702;https://twitter.com/Venus19702;5;1;13000;53